w_mom_52w_no_cta,w_inst_flow_cta,w_pead_no_cta,cagr,vol,sharpe,mdd,calmar
0.0,0.0,1.0,10.582916433521694,25.28375396222503,0.35923923508716094,-46.0391154540856,0.22986793575727887
0.0,0.05,0.95,10.535402496158852,24.33537061010079,0.37128682529324464,-44.793265901836044,0.23520058839306499
0.0,0.1,0.9,10.475315741907787,23.39782819811445,0.38359610413034306,-43.55150689555604,0.24052705609083483
0.0,0.15,0.85,10.402694361804077,22.472483605398335,0.3961597889280682,-42.30956617046596,0.24587097678788394
0.0,0.2,0.8,10.317580390341053,21.560907396262557,0.40896147032612934,-41.066121129367474,0.2512431197930373
0.0,0.25,0.75,10.22001967705144,20.664921714209736,0.4219720644310657,-39.82219065049692,0.25664132259192796
0.0,0.3,0.7,10.110061856300302,19.786644599515085,0.435145120891862,-38.57881360286149,0.2620625393091511
0.0,0.35,0.65,9.98776031531361,18.928541225079055,0.4484106944315336,-37.3370474842878,0.26750268133859983
0.0,0.4,0.6,9.853172160467238,18.09348210434935,0.46166747297687305,-36.097966997722196,0.2729564288506602
0.0,0.45,0.55,9.706358181864294,17.284807484036325,0.4747729003891663,-34.862662568256965,0.2784170073889335
0.0,0.5,0.5,9.547382816225202,16.506395675885184,0.487531195437289,-33.632238803577344,0.2838759225035498
0.0,0.55,0.45,9.376314108122607,15.762730728095914,0.4996795443624279,-32.407812900699554,0.28932264379742245
0.0,0.6,0.4,9.193223669587125,15.058961290637956,0.5108734607326433,-31.190513002095955,0.2947442278031578
0.0,0.65,0.35,8.998186638116955,14.400937596153272,0.520673503933511,-29.981476504462854,0.3001248666581695
0.0,0.7,0.3,8.79128163311953,13.795207337788154,0.5285372995552652,-29.070878241260655,0.30240853269585627
0.0,0.75,0.25,8.572590710820016,13.248944889526964,0.5338229398486488,-28.39324117326135,0.30192363945025924
0.0,0.8,0.2,8.342199317667664,12.769784227925557,0.5358116625576825,-27.727096858680145,0.3008681132462696
0.0,0.85,0.15,8.100196242274539,12.365528339651526,0.5337577223538625,-27.072853024395993,0.2991999489294777
0.0,0.9,0.1,7.846673565920459,12.043722280033231,0.5269694383805525,-26.43091185154268,0.2968748717408505
0.0,0.95,0.05,7.581726611660278,11.811107270163443,0.514915873046348,-25.801669567780085,0.2938463571802339
0.0,1.0,0.0,7.305453892068514,11.673016614609171,0.4973396409633131,-25.730541537173124,0.28392149778558934
0.05,0.0,0.95,10.634715506424186,24.57014151485373,0.37178115156161595,-44.6425326384386,0.23821935893635585
0.05,0.05,0.9,10.578038916822585,23.6285568370276,0.38419777303523944,-43.38178452118614,0.24383595634837574
0.05,0.1,0.85,10.508806446789066,22.698713525004983,0.3968862128184019,-42.11774830035693,0.24951016782395294
0.05,0.15,0.8,10.427059119189863,21.78211529050242,0.40983435263894213,-40.860299930998,0.255188022036019
0.05,0.2,0.75,10.332841783350144,20.880506476523255,0.42301856007569755,-39.60402756939268,0.26090381250354727
0.05,0.25,0.7,10.226203085300822,19.995914789086676,0.43639929342284406,-38.34799885415181,0.2666684935553988
0.05,0.3,0.65,10.107195436251537,19.130700957821585,0.44991531963351744,-37.09327650229154,0.2724805244860787
0.05,0.35,0.6,9.975874979316202,18.28761557370647,0.46347622220923257,-35.84094104554951,0.2783374177212051
0.05,0.4,0.55,9.832301554517331,17.469862648419486,0.47695289437614224,-34.59208934974956,0.28423555036257203
0.05,0.45,0.5,9.67653866209508,16.68116818111094,0.49016583091308025,-33.347833076172776,0.29016993817835274
0.05,0.5,0.45,9.508653424150125,15.925849935475,0.5028713353822809,-32.109297087783496,0.29613396388449276
0.05,0.55,0.4,9.328716544649552,15.208881411758234,0.5147463730368127,-30.877617803374612,0.3021190495994162
0.05,0.6,0.35,9.136802267824407,14.535938386477712,0.5253738743780494,-29.653941502870573,0.3081142608627572
0.05,0.65,0.3,8.93298833499243,13.913410405178256,0.5342319473467153,-28.70811211326181,0.31116599725364064
0.05,0.7,0.25,8.717355939834137,13.348352961293164,0.5406926203377029,-28.021538390606228,0.3110948377750913
0.05,0.75,0.2,8.489989682158638,12.848350781501116,0.5440378925692729,-27.346428715767345,0.3104606371238339
0.05,0.8,0.15,8.250977520190217,12.42126250341051,0.5435017187936089,-26.683195822253282,0.30921998905802195
0.05,0.85,0.1,8.000410721410557,12.074827530928074,0.5383439808776244,-26.032246973302996,0.3073269368416512
0.05,0.9,0.05,7.738383811992211,11.816141966546457,0.5279543720491982,-25.393983549402645,0.3047329615275838
0.05,0.95,-0.0,7.464994524858426,11.651052115341225,0.5119704611915838,-24.862554155939787,0.3002505083764695
0.1,0.0,0.9,10.677910598505225,23.868435755889475,0.38452082458904324,-43.22538175849452,0.2470287170201067
0.1,0.05,0.85,10.612077690907906,22.934556141460558,0.39730778458081006,-41.95012164393812,0.2529689372770001
0.1,0.1,0.8,10.53370811820491,22.01344041097358,0.4103723883933043,-40.672246824893264,0.2589900716219543
0.1,0.15,0.75,10.442845724588334,21.106759708634993,0.4236958134757996,-39.392782532876026,0.2650954071567057
0.1,0.2,0.7,10.339538162660912,20.216456302169426,0.43724468969926944,-38.12255195977067,0.2712184161640555
0.1,0.25,0.65,10.223836862357727,19.344791515699757,0.45096566976582175,-36.85490887585321,0.27740773683085224
0.1,0.3,0.6,10.095796998111073,18.49440092306717,0.4647783420435074,-35.58934888358649,0.28367467556472126
0.1,0.35,0.55,9.955477454285644,17.668356617673915,0.47856615288303084,-34.32697510611852,0.2900190716924299
0.1,0.4,0.5,9.802940788909398,16.870235297243195,0.492165084992395,-33.06890608033872,0.296439826739167
0.1,0.45,0.45,9.638253195728597,16.104189074532563,0.5053500774279015,-31.816274163113267,0.302934691419741
0.1,0.5,0.4,9.461484464616788,15.375013036128877,0.5178196887318758,-30.57022388396907,0.3095000056436734
0.1,0.55,0.35,9.272707940365631,14.688199322002236,0.5291804509162998,-29.33191024743971,0.3161303802630795
0.1,0.6,0.3,9.072000479889986,14.049961784058205,0.5389338843954408,-28.347845026091246,0.3200243429982121
0.1,0.65,0.25,8.859442407877815,13.467208556082447,0.5464712584816943,-27.6522930321589,0.3203872603828736
0.1,0.7,0.2,8.635117470918008,12.947433714888811,0.5510835296042511,-26.968174186564763,0.32019659214526747
0.1,0.75,0.15,8.399112790139096,12.49849697598691,0.5519953961979758,-26.29590623521283,0.31940761862361106
0.1,0.8,0.1,8.15151881239311,12.128267265564501,0.5484310880317264,-25.635901531484084,0.3179727774497038
0.1,0.85,0.05,7.892429260018918,11.844127676619667,0.5397129644792319,-24.988566619017195,0.3158416159017499
0.1,0.9,0.0,7.621941079221872,11.652377754092411,0.5253812748279463,-24.399378180453514,0.3123825952797377
0.15,0.0,0.85,10.712498679306393,23.179718042754175,0.39743790939623436,-41.78790691926765,0.2563540380235473
0.15,0.05,0.8,10.637517757888947,22.254567269359438,0.4105906732443941,-40.49854438627034,0.26266419988900236
0.15,0.1,0.75,10.550021659145825,21.343342135199926,0.4240208305624415,-39.2072655209013,0.2690833323614888
0.15,0.15,0.7,10.450057037227122,20.44790444037852,0.4377004530377903,-37.91512116706102,0.27561713415558514
0.15,0.2,0.65,10.337674335602664,19.57042135096733,0.45158324274739414,-36.62318340034917,0.2822713203982182
0.15,0.25,0.6,10.212927754670066,18.71341874310622,0.46559786184872254,-35.34326965529052,0.288963863679808
0.15,0.3,0.55,10.075875217623341,17.879841822683325,0.4796393224655672,-34.06740246887896,0.29576294308988754
0.15,0.35,0.5,9.926578334609948,17.07312213692643,0.49355813582476565,-32.79554396532601,0.3026807039732317
0.15,0.4,0.45,9.76510236520105,16.297248502417023,0.5071471030201977,-31.528833818797743,0.30971974483176157
0.15,0.45,0.4,9.591516179207193,15.55683680397643,0.5201260565476233,-30.268424499254,0.31688191036978447
0.15,0.5,0.35,9.405892215865851,14.857189750772942,0.5321256811339136,-29.015479572363112,0.32416807698828626
0.15,0.55,0.3,9.2083064414338,14.204332317440493,0.5426729162038343,-27.990140511755246,0.32898393052248215
0.15,0.6,0.25,8.998838305213152,13.605001992906562,0.5511824481262797,-27.33548532801461,0.32919987325012834
0.15,0.65,0.2,8.77757069404641,13.066566313251299,0.5569612183933855,-26.716890204632914,0.3285401342303047
0.15,0.7,0.15,8.544589885310504,12.596836291668273,0.5592348524819599,-26.11033439094702,0.32724934722678567
0.15,0.75,0.1,8.299985498446105,12.203748081982159,0.557204676199907,-25.516170341969946,0.3252833551120319
0.15,0.8,0.05,8.043850445055822,11.894902407618595,0.5501390613229862,-24.93474436422328,0.32259606625834314
0.15,0.85,-0.0,7.776280877606756,11.67698559877305,0.5374915319126737,-24.36639628388132,0.31913955543564987
0.2,0.0,0.8,10.738478589703139,22.50518081210679,0.41050452635036133,-40.33037433947546,0.26626280478612596
0.2,0.05,0.75,10.654359924946899,21.589914196739144,0.4240109451815023,-39.02734212493466,0.27299732302650975
0.2,0.1,0.7,10.557749835939756,20.689893185040667,0.43778620580258704,-37.72311688748942,0.27987480110481416
0.2,0.15,0.65,10.448697774564252,19.80719612522483,0.4517902341143541,-36.4187747633783,0.2869041543119449
0.2,0.2,0.6,10.327256961896826,18.944244773195514,0.46595982408264897,-35.115412346749295,0.29409470861169706
0.2,0.25,0.55,10.193484354514194,18.103862987198756,0.48020051635727456,-33.81414523809072,0.3014562184772161
0.2,0.3,0.5,10.047440609078361,17.28934219224894,0.49437627609165496,-32.52783173284982,0.30888749952956324
0.2,0.35,0.45,9.889190045227325,16.504511661087975,0.5082967746938059,-31.247064627021814,0.3164838093839816
0.2,0.4,0.4,9.71880060679997,15.753809388531826,0.5217024279081951,-29.975986405635513,0.3242195427795106
0.2,0.45,0.35,9.536343821424875,15.042345850242015,0.5342480422556951,-28.96183060495925,0.3292728264142229
0.2,0.5,0.3,9.3418947585024,14.37594798457785,0.5454871405290966,-27.96801881450721,0.3340206119160894
0.2,0.55,0.25,9.135531985612344,13.761164397723682,0.5548608943931651,-27.332663236839462,0.33423497397426344
0.2,0.6,0.2,8.917337523378531,13.205205945230949,0.5616979813978061,-26.708916621917368,0.3338711805353031
0.2,0.65,0.15,8.687396798823066,12.715790808268393,0.5652339604509292,-26.097139934976944,0.3328869301566529
0.2,0.7,0.1,8.445798597245036,12.300864240053139,0.5646593980468994,-25.497688409574227,0.3312378150355657
0.2,0.75,0.05,8.192635012657256,11.968176117257315,0.5592025841771263,-24.910911208194065,0.32887737201529643
0.2,0.8,0.0,7.92800139681562,11.72472905631741,0.5482430652290549,-24.337151087814867,0.325757167230022
0.25,0.0,0.75,10.755851040617049,21.84613764410385,0.42368363650382607,-38.85307260135335,0.2768339881629438
0.25,0.05,0.7,10.662606865011458,20.942057144276642,0.43752181564052095,-37.53682671983874,0.28405722584365717
0.25,0.1,0.65,10.556897275627165,20.054721096341883,0.4516092361553312,-36.220135992760746,0.29146487130079113
0.25,0.15,0.6,10.438774509000993,19.18645283576063,0.46588989562158545,-34.90410148673134,0.29907013973613533
0.25,0.2,0.55,10.308294549711494,18.339960739722684,0.48027881164617386,-33.58984390133044,0.3068872418696533
0.25,0.25,0.5,10.165517095395792,17.51840177639406,0.4946522637169176,-32.381047828265885,0.3139341614054307
0.25,0.3,0.45,10.010505520063306,16.725450517479608,0.5088356520602574,-31.369495802153892,0.3191159202302501
0.25,0.35,0.4,9.84332683573479,15.965370104543345,0.522589002390899,-30.357133322883712,0.3242508681909937
0.25,0.4,0.35,9.664051652434624,15.24307854359902,0.5355907357613747,-29.344333048126682,0.329332809731437
0.25,0.45,0.3,9.472754136567652,14.564199179718276,0.5474213884461496,-28.331472335189357,0.33435446010343534
0.25,0.5,0.25,9.269511967711175,13.935078232847465,0.5575506529555787,-27.333500128916167,0.3391264171801012
0.25,0.55,0.2,9.054406293853523,13.362745463172867,0.565333397592069,-26.70462268466678,0.33905763810145007
0.25,0.6,0.15,8.827521685112426,12.854788237089318,0.570022745607794,-26.08764441379101,0.33837940846992814
0.25,0.65,0.1,8.588946085966963,12.419108191660461,0.5708095924896808,-25.48292330627444,0.3370471269225294
0.25,0.7,0.05,8.338770766036262,12.063538837373596,0.5668959049436907,-24.89081135962342,0.3350140196539749
0.25,0.75,0.0,8.077090269441678,11.795327194883969,0.5576013416816775,-24.311654241877545,0.3322312085011743
0.3,0.0,0.7,10.764618611086817,21.204033302183785,0.43692718640149764,-37.35631287710508,0.28816062887416904
0.3,0.05,0.65,10.662263114163984,20.312603269428905,0.45106296778579197,-36.027332712412395,0.2959492782681229
0.3,0.1,0.6,10.547470462699993,19.43961749189535,0.4654140168381405,-34.77550962846722,0.30330167912380035
0.3,0.15,0.55,10.420295663961209,18.58767490112975,0.47990379170119013,-33.76847144082751,0.3085806143822854
0.3,0.2,0.5,10.280797451085677,17.75980409739558,0.4944197246169711,-32.75979645843081,0.31382360583744984
0.3,0.25,0.45,10.12903824682363,16.959530603013278,0.5088017144348599,-31.749845530779176,0.31902637878991447
0.3,0.3,0.4,9.965084125592828,16.19094711004005,0.5228282241959524,-30.73898468453262,0.3241839061329538
0.3,0.35,0.35,9.789004773879718,15.45878105526369,0.5362004121959748,-29.727584915557426,0.3292902804478008
0.3,0.4,0.3,9.600873449013303,14.768449764885277,0.5485256460887743,-28.716021974310724,0.3343385604594612
0.3,0.45,0.25,9.400766936345928,14.126087871388723,0.5593032556698382,-27.704676144721297,0.33932058571047763
0.3,0.5,0.2,9.188765504869846,13.538525103989219,0.5679175128614489,-26.704016553166234,0.3440967573763863
0.3,0.55,0.15,8.964952861303232,13.013186342375645,0.5736452752539664,-26.08185673578496,0.3437237215172298
0.3,0.6,0.1,8.729416102678789,12.557883138504392,0.5756874803614227,-25.471884692726142,0.34270789963066994
0.3,0.65,0.05,8.482245667470046,12.180471764597991,0.5732327780409654,-24.874455235008185,0.34100226868615696
0.3,0.7,-0.0,8.22353528528832,11.888372859432863,0.5655555528739588,-24.289916921417554,0.3385575715179678
0.35,0.0,0.65,10.764785745697502,20.580453307218054,0.4501740368589511,-36.15438285494196,0.297744972964628
0.35,0.05,0.6,10.65333506840238,19.703316407746062,0.4645580915913164,-35.151268167069695,0.3030711443401808
0.35,0.1,0.55,10.529477735205894,18.8465474277339,0.47910513953969314,-34.14606759700109,0.3083657497395294
0.35,0.15,0.5,10.393271509339176,18.013052927718444,0.4937126174572123,-33.139134782251,0.31362531271956173
0.35,0.2,0.45,10.244777856726417,17.206215590787068,0.5082336560637273,-32.130828787185294,0.31884573923011694
0.35,0.25,0.4,10.084061908461806,16.42996310054886,0.5224638580092152,-31.12151390386122,0.32402221625891675
0.35,0.3,0.35,9.911192421620886,15.68883594671846,0.5361259720087903,-30.11155944601719,0.32914909104555934
0.35,0.35,0.3,9.726241738437146,14.988045656108358,0.5488535281505866,-29.10133953636165,0.3342197264247705
0.35,0.4,0.25,9.529285743874038,14.333509869010697,0.5601758269433712,-28.091232887318963,0.3392263266656331
0.35,0.45,0.2,9.320403821623625,13.731844416878621,0.5695086242028131,-27.081622575397844,0.3441597266070274
0.35,0.5,0.15,9.099678808563993,13.190286212307493,0.5761572331518434,-26.079785328701423,0.3489169367720823
0.35,0.55,0.1,8.867196947709854,12.716516936044748,0.579340788421998,-25.464581749539917,0.34821686980466754
0.35,0.6,0.05,8.623047839687924,12.31836064400339,0.5782464116404518,-24.86185277169365,0.3468385047113487
0.35,0.65,0.0,8.367324392774854,12.003344045541873,0.5721176004553021,-24.27194982380826,0.34473227134671236
0.4,0.0,0.6,10.756358751373508,19.97713242976884,0.46334771939441033,-35.52750451917416,0.3027614491067987
0.4,0.05,0.55,10.635830979771255,19.11612500173015,0.4779122849920889,-34.524184136765925,0.3080690028079422
0.4,0.1,0.5,10.502929280221052,18.27765585068059,0.49256476616971745,-33.51903660272375,0.31334221817603153
0.4,0.15,0.45,10.357714156320498,17.464971372978518,0.5071702648207594,-32.51241917736428,0.3185771596944628
0.4,0.2,0.4,10.200249790182326,16.681840428169043,0.5215401638473317,-31.504694398620725,0.3237692028089913
0.4,0.25,0.35,10.030604003661603,15.932621517871004,0.5354174762824282,-30.496229877986615,0.32891291952458984
0.4,0.3,0.3,9.848848217936744,15.222322757761125,0.5484608591471412,-29.48739808972338,0.3340019417097759
0.4,0.35,0.25,9.655057411477763,14.556642648635485,0.5602292787095522,-28.478576153482294,0.33902879692590127
0.4,0.4,0.2,9.449310076430152,13.941973806014335,0.5701710666678308,-27.47014561051223,0.34398471017984356
0.4,0.45,0.15,9.231688173447882,13.3853455451849,0.577623352893508,-26.462492193623145,0.3488593631280318
0.4,0.5,0.1,9.002277085009114,12.894276655528522,0.5818300076408283,-25.461023173969743,0.35357090810917036
0.4,0.55,0.05,8.761165567245822,12.476510687027421,0.5819868831431926,-24.8530134244091,0.35251924656513256
0.4,0.6,-0.0,8.50844570032605,12.139617816332038,0.5773201270716477,-24.257763164835477,0.3507514539782488
0.45,0.0,0.55,10.73934579353384,19.395961271304316,0.4763541061098707,-34.9027950900044,0.30769300183094545
0.45,0.05,0.5,10.609760951859325,18.553127079693752,0.4910094623256198,-33.89947573966525,0.31297713962711843
0.45,0.1,0.45,10.467837128694146,17.735269622463857,0.5056498897166638,-32.89459031954416,0.3182236661714778
0.45,0.15,0.4,10.31363755157746,16.946005608302155,0.5201011822667815,-31.88849959414153,0.32342812245303176
0.45,0.2,0.35,10.147229101396515,16.189517501167906,0.5341251893870653,-30.88156945279652,0.32858527857228514
0.45,0.25,0.3,9.968682272377173,15.47061411559124,0.547404402249453,-29.87417070082564,0.33368900419725006
0.45,0.3,0.25,9.778071130451371,14.794775383740538,0.5595266515197638,-28.866678844037242,0.33873211335744463
0.45,0.35,0.2,9.575473270029766,14.168165355685053,0.5699731099474667,-27.859473866791173,0.3437061775040858
0.45,0.4,0.15,9.360969769215055,13.597591470022493,0.5781148658970596,-26.852940003768133,0.348601299071963
0.45,0.45,0.1,9.134645143485386,13.090383163762546,0.5832254906502656,-25.84746550563861,0.35340583553511923
0.45,0.5,0.05,8.896587297883919,12.654162252456794,0.5845181332685914,-24.84794616189465,0.3580411531769656
0.45,0.55,0.0,8.646887477747068,12.296485945089431,0.5812138126015716,-24.247366675169,0.3566114041819677
0.5,0.0,0.5,10.713756891614533,18.838989858663542,0.48907913644729606,-34.28042603275496,0.312532781283918
0.5,0.05,0.45,10.575136934666428,18.01659084078435,0.5037099979049835,-33.27731584726274,0.317788158852851
0.5,0.1,0.4,10.424215149663807,17.221893203203184,0.5181901341720054,-32.27290292643366,0.32300209167504673
0.5,0.15,0.35,10.261057470843005,16.458910013416222,0.5322987648453977,-31.267551417753626,0.3281695241737671
0.5,0.2,0.3,10.0857334596421,15.732256211549078,0.5457407598879108,-30.26163043730177,0.3332845360245361
0.5,0.25,0.25,9.89831626347064,15.047195935815136,0.5581316478694267,-29.255513856171934,0.3383401950187393
0.5,0.3,0.2,9.6988825728761,14.40966269225944,0.5689850448255366,-28.249580080398406,0.34332838029000945
0.5,0.35,0.15,9.487512577139512,13.826232517481785,0.577707091721491,-27.24421182454757,0.3482395687656149
0.5,0.4,0.1,9.264289918332302,13.30402516906605,0.5836045722752763,-26.239795879164596,0.35306257567683685
0.5,0.45,0.05,9.029301643867772,12.850506570548504,0.5859147732840227,-25.23672287225378,0.35778423726302955
0.5,0.5,0.0,8.78263815758169,12.473171444711753,0.5838641912253446,-24.240769596922185,0.36230855305422355
0.55,0.0,0.45,10.679603913959944,18.308426909136532,0.5013868181858382,-33.660569412431975,0.31727341813818544
0.55,0.05,0.4,10.531972718844763,17.508949093211708,0.5158489336373989,-32.65787784528287,0.3224940937295474
0.55,0.1,0.35,10.372079043854288,16.740195762268094,0.529986576611708,-31.65414902926692,0.32766886370138804
0.55,0.15,0.3,10.199991511866235,16.0065943697694,0.5435254565016864,-30.649750371140716,0.33279199302942364
0.55,0.2,0.25,10.015782345845459,15.313197766191852,0.5561073837005109,-29.64505408661382,0.3378567742390482
0.55,0.25,0.2,9.819527326407162,14.665709723145623,0.5672775122009385,-28.640436982153382,0.34285535980215565
0.55,0.3,0.15,9.611305747799381,14.070469462300398,0.5764772646379955,-27.63628023041642,0.3477785601993282
0.55,0.35,0.1,9.391200372335895,13.534372295913212,0.5830488625407987,-26.63296913948814,0.35261559922779173
0.55,0.4,0.05,9.15929738331509,13.064700890113526,0.5862589161234548,-25.630892916107385,0.3573538156978938
0.55,0.45,-0.0,8.915686336454943,12.668845196022346,0.5853482477458367,-24.63044442308191,0.36197829739928655
0.6,0.0,0.4,10.636900572085729,17.806633163375867,0.5131178077435897,-33.04339781734079,0.32190698519822336
0.6,0.05,0.35,10.480283929315126,17.032785529930198,0.527235190834457,-32.04133555596486,0.32708636351970366
0.6,0.1,0.3,10.311446336651574,16.292987281375293,0.5408122024819871,-31.038503581831623,0.3322146736058299
0.6,0.15,0.25,10.130459086755138,15.592085798327615,0.553515366602256,-30.035272434799364,0.3372854069742954
0.6,0.2,0.2,9.937397044300123,14.935558171111566,0.5649201019229251,-29.032017300727407,0.342290959025129
0.6,0.25,0.15,9.732338602349099,14.329504861362105,0.5745026560231452,-28.029117788759383,0.347222437598521
0.6,0.3,0.1,9.515365637165818,13.78058687465226,0.5816418204880028,-27.026957702369625,0.35206943163756627
0.6,0.35,0.05,9.286563461503249,13.295882558024164,0.5856372021580472,-26.025924804355615,0.35681972999280626
0.6,0.4,0.0,9.046020776399978,12.882641993496492,0.5857510268630778,-25.026410575961457,0.36145897746474775
0.65,0.0,0.35,10.585662414318442,17.33610697585694,0.5240889680117661,-32.42908428181126,0.32642495613900824
0.65,0.05,0.3,10.420088018263973,16.590810685557106,0.5376523297941811,-31.427863159507574,0.3315557270113569
0.65,0.1,0.25,10.2423363704645,15.883181251831491,0.5504146953845547,-30.42614180604786,0.33662948249418245
0.65,0.15,0.2,10.05248141370718,15.218473888730166,0.5619802272053445,-29.42429376584087,0.34163883400923856
0.65,0.2,0.15,9.850600633775963,14.602551204302882,0.5718590208617328,-28.422697063108227,0.3465751547752214
0.65,0.25,0.1,9.636775014649501,14.041834253241573,0.5794666756425442,-27.421733974755057,0.3514283605668879
0.65,0.3,0.05,9.411088992162986,13.543181681777149,0.5841381425760276,-26.42179079713913,0.35618664398712857
0.65,0.35,-0.0,9.173630406167476,13.113675468175773,0.5851624454783725,-25.42325760692732,0.3608361504258152
0.7,0.0,0.3,10.525906818812892,16.899460265853158,0.5340943838928707,-31.817802208081382,0.33081816116574586
0.7,0.05,0.25,10.351404257524743,16.18582550365807,0.5468614656400618,-30.81763511472123,0.3358922324503737
0.7,0.1,0.2,10.164770296475002,15.513741990296262,0.5585222638029403,-29.817239111451187,0.3409024644596039
0.7,0.15,0.15,9.966081508137448,14.888837671120934,0.5686193707759098,-28.816990616359572,0.34584046754971165
0.7,0.2,0.1,9.755417978029568,14.317291545588972,0.5766047266511791,-27.81727035801328,0.35069645053147136
0.7,0.25,0.05,9.532863258752954,13.805732162934792,0.5818498551144822,-26.81846314402008,0.3554589689781896
0.7,0.3,0.0,9.298504322520063,13.361051502665722,0.5836744451560679,-25.820957623633134,0.3601146192195996
0.75,0.0,0.25,10.45765298595307,16.499383055478763,0.5429083594115723,-31.209725287385847,0.3350767393707172
0.75,0.05,0.2,10.274253730345917,15.82067087709039,0.5546069315588725,-30.210826078940578,0.3400851636264231
0.75,0.1,0.15,10.078771065782476,15.187615551491529,0.5648530565378963,-29.21197101398516,0.3450219453167775
0.75,0.15,0.1,9.871284173203243,14.606154820057663,0.5731340161962075,-28.21353925117411,0.349877556492401
0.75,0.2,0.05,9.65187571571895,14.082681011227061,0.5788582237444755,-27.247367330629523,0.35423149688553607
0.75,0.25,0.0,9.420631791507983,13.623879904394043,0.5813785681532161,-26.367355549281825,0.3572839063781114
0.8,0.0,0.2,10.380921930140396,16.138595257368767,0.5502908889226547,-30.60502742029778,0.3391900875493283
0.8,0.05,0.15,10.188659322553573,15.498162423430712,0.5606251299455817,-29.71400795621483,0.34289077857040035
0.8,0.1,0.1,9.98436341994462,14.90764479969284,0.5691283589021006,-28.85360028856655,0.346035271858292
0.8,0.15,0.05,9.76811598973435,14.373195949178225,0.575245479082686,-27.986608719532747,0.3490282115859529
0.8,0.2,-0.0,9.540002249729529,13.901284237869277,0.5783639922869358,-27.113029753581152,0.35186042786197524
0.85,0.0,0.15,10.295736470972683,15.819785216190107,0.5559959475284816,-30.43485610598724,0.33828766711163366
0.85,0.05,0.1,10.094645713109163,15.221011193095524,0.564656684373757,-29.58081085083536,0.3412565586525865
0.85,0.1,0.05,9.881573880924034,14.676471392783293,0.5710891710009679,-28.720203128276655,0.3440635094671412
0.85,0.15,0.0,9.656605305572775,14.19240982690849,0.5747160211022115,-27.85302914606511,0.3466985675034557
0.9,0.0,0.1,10.202121223820026,15.545535803795394,0.5597826497363592,-30.30242985244499,0.33667667159030995
0.9,0.05,0.05,9.992239364070432,14.99173294563089,0.5664614887997564,-29.448178004520308,0.3393160474151107
0.9,0.1,-0.0,9.770430740441082,14.496430020803045,0.5705149977320371,-28.587381152369908,0.341774249567142
0.95,0.0,0.05,10.100102589801407,15.318240574663191,0.5614288761090633,-30.170560778176934,0.3347668167012343
0.95,0.05,0.0,9.8814685099603,14.812550874895445,0.5658355931229476,-29.316113181621674,0.3370661195343935
1.0,0.0,0.0,9.989708745168024,15.140014429151211,0.5607464104407713,-30.039252625539483,0.3325551693877609
